finishedAt,transport,clients,rate,rep,payloadBytes,pollIntervalMs,durationSec,latSamples,p50ms,p90ms,p95ms,p99ms,p999ms,maxMs,deliveryRatio,missedRate,wireBytesPerClient,appBytesPerClient,reqPerClientPerSec,serverCpuPct,serverRssMaxMB,serverLoopP99SliceMaxMs,serverLoopP99SliceMedMs,clampedSubResolution,serverBackpressure,generatorLoopP99ms,generatorLimited,errors,reconnects,runId
2026-08-27T10:17:55.361Z,poll,50,20,1,200,1000,20,20029,504.807,897.687,964.662,1036.633,1098.03,1098.03,1.0013,0,87305,81890,0.999,4.5,69.6,13.02,11.64,0,0,11.84,false,0,0,poll-c50-r20-1787825849426
2026-08-27T10:18:23.667Z,poll-debounced,50,20,1,200,1000,20,19999,24.582,43.714,46.976,54.247,54.247,58.198,1,0,221868,114183,19.932,10.5,73.5,11.14,10.99,0,0,11.67,false,0,0,poll-debounced-c50-r20-1787825877780
2026-08-27T10:18:51.954Z,longpoll,50,20,1,200,1000,20,20000,2.458,5.048,5.829,7.234,8.977,10.407,1,0,215892,107892,20,11.6,101.9,13.42,12.84,15,0,13.84,false,0,0,longpoll-c50-r20-1787825906071
2026-08-27T10:19:20.230Z,sse,50,20,1,200,1000,20,20000,1.843,3.278,3.786,6.732,37.855,37.869,1,0,88826,86420,0,4.7,80.4,12.83,12.05,1,0,11.77,false,0,0,sse-c50-r20-1787825934360
2026-08-27T10:19:48.543Z,ws,50,20,1,200,1000,20,20028,1.981,3.278,3.786,5.425,8.354,9.173,1.0013,0,81806,80112,0,5.1,63,12.79,11.99,0,0,11.78,false,0,0,ws-c50-r20-1787825962638
2026-08-27T10:20:17.375Z,poll,500,20,1,200,1000,20,200207,504.807,897.687,964.662,1036.633,1113.974,1132.108,1.001,0,87279,81858,1,9.4,56.2,11.82,11.28,1,0,11.7,false,0,0,poll-c500-r20-1787825990949
2026-08-27T10:20:46.205Z,poll-debounced,500,20,1,200,1000,20,200009,26.416,46.976,50.481,83.536,171.544,218.14,1,0,220945,113983,19.807,35.7,70.4,22.53,10.83,0,0,11.51,false,0,0,poll-debounced-c500-r20-1787826019780
2026-08-27T10:21:15.035Z,longpoll,500,20,1,200,1000,20,200000,4.068,7.234,8.354,12.864,19.81,23.624,1,0,215891,107891,19.999,36.8,134.6,18.5,17.79,61,0,12.67,false,0,0,longpoll-c500-r20-1787826048611
2026-08-27T10:21:43.862Z,sse,500,20,1,200,1000,20,200000,5.425,8.354,8.977,9.647,11.14,11.713,1.0001,0,88826,86420,0,19,96.2,19.78,19.37,0,0,11.85,false,0,0,sse-c500-r20-1787826077441
2026-08-27T10:22:12.725Z,ws,500,20,1,200,1000,20,200000,5.048,8.354,8.977,11.14,14.855,16.35,1,0,81602,80000,0,17.1,71.4,20.23,19.22,31,0,11.96,false,0,0,ws-c500-r20-1787826106268
2026-08-27T10:22:44.548Z,poll,2000,20,1,200,1000,20,800151,504.807,897.687,964.662,1036.633,1100.312,1100.312,1.0002,0,87221,81790,1,21.8,59.5,11.07,10.9,1,0,11.53,false,0,0,poll-c2000-r20-1787826135131
2026-08-27T10:23:16.371Z,poll-debounced,2000,20,1,200,1000,20,799924,24.582,43.714,46.976,54.247,58.294,122.881,1,0,222393,114321,20.016,74.2,95.7,14.06,10.67,346,0,11.08,false,0,0,poll-debounced-c2000-r20-1787826166954
2026-08-27T10:23:48.242Z,longpoll,2000,20,1,200,1000,20,800000,17.154,30.505,37.855,50.481,62.643,64.616,1,0,216431,107891,20,128.9,184.1,236.98,51.9,0,0,11.85,false,0,0,longpoll-c2000-r20-1787826198778
2026-08-27T10:24:20.063Z,sse,2000,20,1,200,1000,20,800000,9.647,15.963,15.963,17.154,19.81,24.406,1,0,88826,86420,0,26.5,98.9,22.53,21.63,0,0,11.79,false,0,0,sse-c2000-r20-1787826230649
2026-08-27T10:24:51.887Z,ws,2000,20,1,200,1000,20,800000,7.774,13.824,14.855,15.963,22.876,27.724,1,0,81602,80000,0,25.7,74.6,22.69,21.73,4037,0,11.83,false,0,0,ws-c2000-r20-1787826262468
2026-08-27T10:25:20.156Z,poll-debounced,50,20,2,200,1000,20,20000,26.416,46.976,50.481,54.247,54.247,59.14,1,0,221570,114124,19.895,12.5,69.7,11.17,10.98,0,0,11.68,false,0,0,poll-debounced-c50-r20-1787826294291
2026-08-27T10:25:48.425Z,longpoll,50,20,2,200,1000,20,20000,3.523,6.264,7.234,8.354,10.366,12,1,0,215892,107892,19.999,12.7,105.5,14.34,13.15,0,0,14.71,false,0,0,longpoll-c50-r20-1787826322562
2026-08-27T10:26:16.710Z,sse,50,20,2,200,1000,20,20000,2.458,3.523,4.068,5.829,8.354,12.835,1,0,88826,86420,0,5.3,82.4,13.53,12.53,0,0,12.61,false,0,0,sse-c50-r20-1787826350833
2026-08-27T10:26:44.999Z,ws,50,20,2,200,1000,20,20000,2.288,3.278,3.786,4.698,11.14,11.438,0.9999,0,81602,80000,0,5.5,80.3,14.2,12.53,0,0,12.53,false,0,0,ws-c50-r20-1787826379120
2026-08-27T10:27:13.813Z,poll,500,20,2,200,1000,20,200537,504.807,897.687,964.662,1036.633,1101.563,1101.563,1.0026,0,87430,81993,1.002,10.9,83.6,12.22,11.86,0,0,12.62,false,0,0,poll-c500-r20-1787826407406
2026-08-27T10:27:42.662Z,poll-debounced,500,20,2,200,1000,20,200018,24.582,46.976,46.976,50.481,54.247,59.307,1,0,222577,114374,20.036,48,70.2,10.98,10.92,127,0,11.23,false,0,0,poll-debounced-c500-r20-1787826436219
2026-08-27T10:28:11.517Z,longpoll,500,20,2,200,1000,20,200000,3.786,6.732,7.774,10.366,15.963,19.134,0.9989,0,215892,107892,19.977,38.8,136.5,19.19,17.74,656,0,12.68,false,0,0,longpoll-c500-r20-1787826465071
2026-08-27T10:28:40.356Z,sse,500,20,2,200,1000,20,200000,6.732,9.647,10.366,11.971,14.855,17.486,0.9998,0,88826,86420,0,19.4,97.3,19.68,18.73,0,0,12.76,false,0,0,sse-c500-r20-1787826493925
2026-08-27T10:29:09.200Z,ws,500,20,2,200,1000,20,200000,5.829,8.977,9.647,11.14,26.416,28.999,1,0,81602,80000,0,18.1,70.8,20.41,18.79,0,0,12.79,false,0,0,ws-c500-r20-1787826522765
2026-08-27T10:29:41.029Z,poll,2000,20,2,200,1000,20,799759,504.807,897.687,964.662,1036.633,1100.726,1100.726,0.9996,0,87178,81749,0.999,23.2,60.9,11.16,11.07,0,0,12.28,false,0,0,poll-c2000-r20-1787826551609
2026-08-27T10:30:12.851Z,poll-debounced,2000,20,2,200,1000,20,799893,26.416,46.976,46.976,50.481,54.247,152.15,0.9998,0,222267,114287,19.994,74.8,101,12.16,10.8,202,0,11.18,false,0,0,poll-debounced-c2000-r20-1787826583435
2026-08-27T10:30:44.692Z,longpoll,2000,20,2,200,1000,20,800000,17.154,30.505,40.679,62.643,89.769,98.212,1,0,215718,107856,19.973,127.5,190.9,149.29,58.1,0,0,12.77,false,0,0,longpoll-c2000-r20-1787826615260
2026-08-27T10:31:16.539Z,sse,2000,20,2,200,1000,20,800000,11.14,22.876,46.976,83.536,96.466,123.251,0.9999,0,88826,86420,0,27,103.7,43.71,23.27,0,0,12.75,false,0,0,sse-c2000-r20-1787826647104
2026-08-27T10:31:48.358Z,ws,2000,20,2,200,1000,20,800000,8.354,14.855,15.963,17.154,21.288,30.463,1,0,81602,80000,0,29.3,102.8,30.41,24.61,1505,0,12.75,false,0,0,ws-c2000-r20-1787826678945
2026-08-27T10:32:16.643Z,poll,50,20,2,200,1000,20,19970,504.807,897.687,964.662,1036.633,1100.406,1100.406,0.9984,0,87040,81647,0.995,5.7,79.6,12.73,12.36,0,0,12.42,false,0,0,poll-c50-r20-1787826710765
2026-08-27T10:32:44.924Z,longpoll,50,20,3,200,1000,20,20000,3.523,6.264,7.234,8.354,11.14,11.994,1,0,215892,107892,19.999,12.3,102,14.62,13.68,0,0,15.38,false,0,0,longpoll-c50-r20-1787826739052
2026-08-27T10:33:13.217Z,sse,50,20,3,200,1000,20,20050,2.129,3.523,4.068,5.048,8.977,12.158,1.0023,0,89048,86636,0,5.8,83,13.95,12.62,31,0,12.63,false,0,0,sse-c50-r20-1787826767331
2026-08-27T10:33:41.515Z,ws,50,20,3,200,1000,20,20000,2.458,3.523,3.786,4.698,6.732,7.802,1,0,81602,80000,0,5.6,73,13.16,12.59,0,0,12.57,false,0,0,ws-c50-r20-1787826795623
2026-08-27T10:34:10.346Z,poll,500,20,3,200,1000,20,200391,504.807,897.687,964.662,1036.633,1112.736,1112.736,1.0019,0,87391,81933,1.001,13.7,73.2,12.12,11.92,0,0,12.62,false,0,0,poll-c500-r20-1787826823924
2026-08-27T10:34:39.171Z,poll-debounced,500,20,3,200,1000,20,200034,24.582,46.976,46.976,50.481,54.247,60.246,1.0002,0,222529,114369,20.03,48.1,82.9,10.93,10.88,135,0,11.25,false,0,0,poll-debounced-c500-r20-1787826852755
2026-08-27T10:35:07.997Z,longpoll,500,20,3,200,1000,20,200000,4.698,7.774,8.354,10.366,14.855,20.8,0.9999,0,215892,107892,19.998,39,136.7,18.97,18.22,0,0,12.78,false,0,0,longpoll-c500-r20-1787826881580
2026-08-27T10:35:36.833Z,sse,500,20,3,200,1000,20,200000,5.829,8.977,9.647,10.366,11.14,12.241,0.9999,0,88826,86420,0,19.3,95.4,20.33,19.35,0,0,12.81,false,0,0,sse-c500-r20-1787826910404
2026-08-27T10:36:05.684Z,ws,500,20,3,200,1000,20,200000,5.829,8.977,9.647,10.366,13.824,16.849,0.9999,0,81602,80000,0,18.4,70.2,19.51,18.2,0,0,12.78,false,0,0,ws-c500-r20-1787826939239
2026-08-27T10:36:37.509Z,poll,2000,20,3,200,1000,20,799769,504.807,897.687,964.662,1036.633,1100.686,1100.686,0.9997,0,87182,81751,1,24.7,67.6,11.26,11.17,9,0,12.28,false,0,0,poll-c2000-r20-1787826968091
2026-08-27T10:37:09.331Z,poll-debounced,2000,20,3,200,1000,20,799919,30.505,54.247,67.317,111.397,626.434,1255.555,0.9997,0,213900,112268,18.801,81.4,93.8,38.54,19.53,968,0,11.58,false,0,0,poll-debounced-c2000-r20-1787826999918
2026-08-27T10:37:41.225Z,longpoll,2000,20,3,200,1000,20,800517,18.434,43.714,67.317,198.096,327.812,346.899,1.0006,0,213840,107435,19.63,123.8,191.9,693.63,59.21,296,0,12.89,false,0,0,longpoll-c2000-r20-1787827031744
2026-08-27T10:38:13.088Z,sse,2000,20,3,200,1000,20,800000,9.647,15.963,17.154,17.154,21.288,26.285,1,0,88826,86420,0,28.1,106.9,28.9,23.17,0,0,12.66,false,0,0,sse-c2000-r20-1787827063634
2026-08-27T10:38:44.939Z,ws,2000,20,3,200,1000,20,800377,8.977,14.855,15.963,17.154,17.154,21.222,1.0005,0,81806,80038,0,27,73.5,24.53,23.48,0,0,12.76,false,0,0,ws-c2000-r20-1787827095495
2026-08-27T10:39:13.218Z,poll,50,20,3,200,1000,20,19910,504.807,897.687,964.662,1036.633,1097.465,1097.465,0.9955,0,86792,81404,0.994,5.7,79.6,12.86,12.35,0,0,12.26,false,0,0,poll-c50-r20-1787827127346
2026-08-27T10:39:41.509Z,poll-debounced,50,20,3,200,1000,20,19996,26.416,46.976,50.481,54.247,54.247,73.864,0.9997,0,220695,113899,19.769,12.9,70.7,12.66,11.56,0,0,12.59,false,0,0,poll-debounced-c50-r20-1787827155625
2026-08-27T10:40:09.789Z,sse,50,20,4,200,1000,20,20000,1.981,3.051,3.523,4.698,10.366,11.269,1,0,88826,86420,0,5.7,73.5,13.71,12.68,12,0,12.84,false,0,0,sse-c50-r20-1787827183919
2026-08-27T10:40:38.091Z,ws,50,20,4,200,1000,20,20050,2.288,3.523,3.786,4.698,10.366,11.243,1.0024,0,81806,80200,0,5.7,74,12.94,12.4,0,0,12.58,false,0,0,ws-c50-r20-1787827212197
2026-08-27T10:41:06.930Z,poll,500,20,4,200,1000,20,199921,504.807,897.687,964.662,1036.633,1105.212,1105.212,0.9995,0,87164,81741,0.999,11.3,83.6,12.02,11.84,0,0,12.59,false,0,0,poll-c500-r20-1787827240500
2026-08-27T10:41:35.752Z,poll-debounced,500,20,4,200,1000,20,200021,24.582,46.976,50.481,54.247,54.247,58.21,1.0001,0,222536,114366,20.032,47.7,70.2,10.99,10.89,0,0,11.25,false,0,0,poll-debounced-c500-r20-1787827269338
2026-08-27T10:42:04.575Z,longpoll,500,20,4,200,1000,20,200000,4.068,6.732,7.774,10.366,15.963,20.156,1,0,215892,107892,19.999,38.7,132.8,19.81,17.84,239,0,12.83,false,0,0,longpoll-c500-r20-1787827298161
2026-08-27T10:42:33.403Z,sse,500,20,4,200,1000,20,200000,5.829,8.977,9.647,10.366,11.14,13.074,0.9999,0,88826,86420,0,19.3,96.4,20.17,19.53,0,0,12.75,false,0,0,sse-c500-r20-1787827326983
2026-08-27T10:43:02.243Z,ws,500,20,4,200,1000,20,200000,5.425,8.354,8.977,10.366,12.864,15.591,1,0,81602,80000,0,18,69.5,19.53,18.22,21,0,12.74,false,0,0,ws-c500-r20-1787827355810
2026-08-27T10:43:34.080Z,poll,2000,20,4,200,1000,20,799899,504.807,897.687,964.662,1036.633,1100.92,1100.92,0.9998,0,87195,81764,0.999,24.3,62.1,11.24,11.07,0,0,12.31,false,0,0,poll-c2000-r20-1787827384652
2026-08-27T10:44:05.932Z,poll-debounced,2000,20,4,200,1000,20,800007,26.416,46.976,50.481,54.247,54.247,71.938,0.9987,0,222406,114329,19.988,74.6,93.7,11.76,10.67,0,0,11.21,false,0,0,poll-debounced-c2000-r20-1787827416490
2026-08-27T10:44:37.811Z,longpoll,2000,20,4,200,1000,20,800240,15.963,37.855,54.247,96.466,128.64,146.813,1,0,215062,107645,19.799,123.3,189.8,398.2,49.38,791,0,12.63,false,0,0,longpoll-c2000-r20-1787827448342
2026-08-27T10:45:09.648Z,sse,2000,20,4,200,1000,20,800000,9.647,15.963,15.963,17.154,18.434,22.13,1,0,88826,86420,0,27.1,87.6,24.61,23.4,0,0,12.75,false,0,0,sse-c2000-r20-1787827480222
2026-08-27T10:45:41.483Z,ws,2000,20,4,200,1000,20,800000,8.354,14.855,14.855,15.963,17.154,20.641,1,0,81602,80000,0,29.1,93.6,26.56,24.38,985,0,12.82,false,0,0,ws-c2000-r20-1787827512057
2026-08-27T10:46:09.766Z,poll,50,20,4,200,1000,20,19903,504.807,897.687,964.662,1036.633,1099.016,1099.016,0.9951,0,86771,81378,0.995,5.7,81.1,12.67,12.56,0,0,12.35,false,0,0,poll-c50-r20-1787827543890
2026-08-27T10:46:38.067Z,poll-debounced,50,20,4,200,1000,20,20012,26.416,46.976,50.481,54.247,58.294,60.552,1.0005,0,221005,114019,19.803,12.9,69.4,11.68,11.4,0,0,12.5,false,0,0,poll-debounced-c50-r20-1787827572175
2026-08-27T10:47:06.360Z,longpoll,50,20,4,200,1000,20,20000,3.051,5.425,5.829,7.234,8.354,11.309,0.9999,0,215895,107895,19.998,12.3,104.3,13.85,12.85,0,0,14.48,false,0,0,longpoll-c50-r20-1787827600475
2026-08-27T10:47:34.637Z,ws,50,20,5,200,1000,20,20000,2.288,3.523,3.786,4.698,5.829,7.535,0.9999,0,81602,80000,0,5.6,80.4,12.97,12.82,0,0,12.63,false,0,0,ws-c50-r20-1787827628767
2026-08-27T10:48:03.469Z,poll,500,20,5,200,1000,20,200104,504.807,897.687,964.662,1036.633,1101.293,1101.293,1.0005,0,87230,81813,0.998,13.7,71,12.05,11.83,0,0,12.62,false,0,0,poll-c500-r20-1787827657049
2026-08-27T10:48:32.293Z,poll-debounced,500,20,5,200,1000,20,200034,26.416,46.976,46.976,50.481,54.247,65.446,1.0002,0,222580,114381,20.037,46.4,82.8,11.06,10.9,236,0,11.25,false,0,0,poll-debounced-c500-r20-1787827685876
2026-08-27T10:49:01.115Z,longpoll,500,20,5,200,1000,20,200000,4.698,7.774,8.354,11.14,17.154,22.32,1,0,215892,107892,19.999,39.1,137.3,18.99,18.22,0,0,12.67,false,0,0,longpoll-c500-r20-1787827714701
2026-08-27T10:49:29.944Z,sse,500,20,5,200,1000,20,200000,6.264,8.977,9.647,11.14,11.971,12.387,0.9999,0,88826,86420,0,20.5,96.4,20.79,19.3,0,0,12.78,false,0,0,sse-c500-r20-1787827743519
2026-08-27T10:49:58.798Z,ws,500,20,5,200,1000,20,200000,5.048,8.354,8.977,9.647,11.14,12.437,1,0,81602,80000,0,18.3,71.4,20.2,18.89,219,0,12.66,false,0,0,ws-c500-r20-1787827772351
2026-08-27T10:50:30.649Z,poll,2000,20,5,200,1000,20,799659,504.807,897.687,964.662,1036.633,1101.619,1101.619,0.9994,0,87164,81740,0.999,23.3,61.4,11.26,11.12,0,0,12.3,false,0,0,poll-c2000-r20-1787827801207
2026-08-27T10:51:02.476Z,poll-debounced,2000,20,5,200,1000,20,799907,26.416,46.976,46.976,54.247,54.247,96.947,0.9998,0,222317,114301,20.003,74.1,92.8,12.12,10.72,315,0,11.18,false,0,0,poll-debounced-c2000-r20-1787827833058
2026-08-27T10:51:34.321Z,longpoll,2000,20,5,200,1000,20,800000,15.963,28.387,35.227,46.976,58.294,66.99,1,0,215891,107891,20,127.6,183.3,484.97,51.05,224,0,12.7,false,0,0,longpoll-c2000-r20-1787827864885
2026-08-27T10:52:06.175Z,sse,2000,20,5,200,1000,20,800000,9.647,15.963,17.154,18.434,18.434,22.854,0.9999,0,89048,86420,0,27,99,24.64,23.23,0,0,12.75,false,0,0,sse-c2000-r20-1787827896731
2026-08-27T10:52:38.021Z,ws,2000,20,5,200,1000,20,801143,8.977,14.855,15.963,17.154,18.434,23.34,1.0013,0,81806,80114,0,28.7,94.5,26.8,23.48,0,0,12.75,false,0,0,ws-c2000-r20-1787827928583
2026-08-27T10:53:06.300Z,poll,50,20,5,200,1000,20,20072,504.807,897.687,964.662,1036.633,1103.017,1103.017,1.0036,0,87592,82069,1.003,5.7,80.2,12.78,12.42,0,0,12.42,false,0,0,poll-c50-r20-1787827960428
2026-08-27T10:53:34.575Z,poll-debounced,50,20,5,200,1000,20,20006,22.876,46.976,50.481,54.247,54.247,57.819,1.0002,0,220938,113996,19.802,12.7,83.5,11.43,11.34,29,0,12.56,false,0,0,poll-debounced-c50-r20-1787827988708
2026-08-27T10:54:02.862Z,longpoll,50,20,5,200,1000,20,20000,3.051,5.829,6.264,7.774,9.647,11.066,1,0,215893,107893,19.999,12.5,97.9,14.79,13.19,0,0,14.77,false,0,0,longpoll-c50-r20-1787828016984
2026-08-27T10:54:31.180Z,sse,50,20,5,200,1000,20,20046,1.715,3.051,4.068,54.247,192.549,192.549,1.0022,0,89048,86619,0,4.8,67.4,20.82,12.41,17,0,12.98,false,0,0,sse-c50-r20-1787828045271
2026-08-27T10:55:13.898Z,poll,500,1,1,200,1000,30,14997,504.807,897.687,964.662,1036.633,1107.674,1107.674,0.9997,0,16163,8060,1,7.6,53.2,17.97,11.4,0,0,11.76,false,0,0,poll-c500-r1-1787828073816
2026-08-27T10:55:55.758Z,poll-debounced,500,1,1,200,1000,30,15000,352.269,723.394,777.365,835.363,835.363,874.803,0.9999,0,59508,18871,5.031,19.5,62.1,11.66,10.94,0,0,11.54,false,0,0,poll-debounced-c500-r1-1787828116322
2026-08-27T10:56:37.601Z,longpoll,500,1,1,200,1000,30,15000,14.855,28.387,35.227,46.976,50.481,53.016,1,0,16160,8060,1,4.8,94.5,32.82,11.85,0,0,14.95,false,0,0,longpoll-c500-r1-1787828158168
2026-08-27T10:57:19.453Z,sse,500,1,1,200,1000,30,15000,7.234,11.971,14.855,21.288,22.876,22.935,1,0,6680,6488,0,2.1,71.1,14.36,11.55,0,0,11.61,false,0,0,sse-c500-r1-1787828200009
2026-08-27T10:58:01.302Z,ws,500,1,1,200,1000,30,15000,6.732,12.864,15.963,24.582,35.227,36.966,1,0,6124,6000,0,1.8,59.1,19.25,11.41,0,0,11.88,false,0,0,ws-c500-r1-1787828241868
2026-08-27T10:58:43.154Z,poll,500,20,1,200,1000,30,300256,504.807,897.687,964.662,1036.633,1113.974,1147.748,1.0008,0,130907,122765,1,7.9,57.8,25.72,11.26,3,0,11.78,false,0,0,poll-c500-r20-1787828283721
2026-08-27T10:59:24.994Z,poll-debounced,500,20,1,200,1000,30,300013,24.582,46.976,46.976,50.481,54.247,56.756,1.0001,0,334437,171692,20.091,31.3,66,10.91,10.83,0,0,11.06,false,0,0,poll-debounced-c500-r20-1787828325561
2026-08-27T11:00:06.813Z,longpoll,500,20,1,200,1000,30,300000,3.786,6.732,8.354,30.505,103.663,145.088,1.0006,0,323591,161787,19.987,35,136,48.46,17.17,1581,0,12.12,false,0,0,longpoll-c500-r20-1787828367404
2026-08-27T11:00:48.657Z,sse,500,20,1,200,1000,30,300000,3.786,7.234,8.354,9.647,89.769,90.846,1.0001,0,133252,129640,0,12,61.3,20.37,18.04,0,0,11.86,false,0,0,sse-c500-r20-1787828409218
2026-08-27T11:01:30.650Z,ws,500,20,1,200,1000,30,300735,3.786,6.732,7.774,13.824,58.294,67.647,1.0025,0,122812,120294,0,12.9,55.2,23.09,17.65,39,0,11.87,false,0,0,ws-c500-r20-1787828451065
2026-08-27T11:02:12.495Z,poll,500,100,1,200,1000,30,1500491,504.807,897.687,964.662,1036.633,1113.974,1165.294,1.0002,0,613712,605286,0.999,11.5,36.2,31.42,11.21,0,0,13.39,false,0,0,poll-c500-r100-1787828493059
2026-08-27T11:02:54.691Z,poll-debounced,500,100,1,200,1000,30,1501126,40.679,148.551,212.875,469.759,835.363,1111.077,1.0003,0,771261,643691,15.633,36.7,85.6,189.53,79.76,0,0,28.59,false,0,0,poll-debounced-c500-r100-1787828534904
2026-08-27T11:03:37.219Z,longpoll,500,100,1,200,1000,30,1500018,28.387,119.709,283.874,723.394,835.363,1074.13,0.9999,0,1012232,686667,40.009,71.3,96,528.48,70.58,1,0,26.97,false,0,0,longpoll-c500-r100-1787828577119
2026-08-27T11:04:19.053Z,sse,500,100,1,200,1000,30,1500000,3.051,4.698,5.425,30.505,83.536,108.161,1,0,668949,650937,0,27.8,72.1,34.34,13.23,0,0,11.71,false,0,0,sse-c500-r100-1787828619624
2026-08-27T11:05:01.132Z,ws,500,100,1,200,1000,30,1500030,1.981,3.523,3.786,26.416,77.737,95.323,1,0,612208,600012,0,28.3,57.2,39.16,13.2,31198,0,11.55,false,0,0,ws-c500-r100-1787828661460
2026-08-27T11:05:42.970Z,poll-debounced,500,1,2,200,1000,30,15000,352.269,777.365,777.365,835.363,876.094,876.094,1,0,59395,18843,5.021,15.2,55.9,38.37,11.03,0,0,11.74,false,0,0,poll-debounced-c500-r1-1787828703538
2026-08-27T11:06:24.843Z,longpoll,500,1,2,200,1000,30,15000,12.864,22.876,26.416,32.781,35.227,36.524,1,0,16160,8060,1,4.8,99.9,17.81,11.98,0,0,12.36,false,0,0,longpoll-c500-r1-1787828745377
2026-08-27T11:07:06.689Z,sse,500,1,2,200,1000,30,15000,8.354,18.434,28.387,83.536,119.709,122.384,1,0,6680,6488,0,1.7,57.6,18.25,11.98,0,0,12.85,false,0,0,sse-c500-r1-1787828787251
2026-08-27T11:07:48.545Z,ws,500,1,2,200,1000,30,15000,5.048,8.977,10.366,13.824,17.154,17.795,1,0,6124,6000,0,1.7,57.4,17.78,11.44,0,0,12.03,false,0,0,ws-c500-r1-1787828829096
2026-08-27T11:08:30.375Z,poll,500,20,2,200,1000,30,300059,504.807,897.687,964.662,1036.633,1100.752,1100.752,1.0002,0,130884,122686,1,10.5,59.1,11.61,11.23,0,0,11.75,false,0,0,poll-c500-r20-1787828870952
2026-08-27T11:09:12.224Z,poll-debounced,500,20,2,200,1000,30,300029,26.416,46.976,50.481,77.737,159.634,267.474,1.0001,0,331163,170919,19.784,32.6,66.4,40.44,10.89,391,0,12.73,false,0,0,poll-debounced-c500-r20-1787828912783
2026-08-27T11:09:54.043Z,longpoll,500,20,2,200,1000,30,300000,4.371,7.234,7.774,10.366,19.81,25.114,1,0,323837,161837,19.999,37.1,134.1,19.14,17.87,0,0,11.8,false,0,0,longpoll-c500-r20-1787828954632
2026-08-27T11:10:35.870Z,sse,500,20,2,200,1000,30,300000,4.698,8.354,9.647,30.505,77.737,87.409,1,0,133252,129640,0,12.8,64,45.45,19.07,0,0,12.98,false,0,0,sse-c500-r20-1787828996451
2026-08-27T11:11:17.747Z,ws,500,20,2,200,1000,30,300311,3.786,7.234,7.774,8.977,10.366,13.341,1.001,0,122608,120124,0,12.9,62.3,19.14,17.38,0,0,11.84,false,0,0,ws-c500-r20-1787829038285
2026-08-27T11:11:59.606Z,poll,500,100,2,200,1000,30,1499612,504.807,897.687,964.662,1036.633,1113.974,1157.549,0.9997,0,613124,604933,0.999,12.9,58.6,22.74,11.35,92,0,13.48,false,0,0,poll-c500-r100-1787829080155
2026-08-27T11:12:41.455Z,poll-debounced,500,100,2,200,1000,30,1499966,26.416,46.976,50.481,103.663,437.144,580.948,1,0,812968,653427,19.621,33.6,66.3,34.47,10.83,3389,0,12.25,false,0,0,poll-debounced-c500-r100-1787829122014
2026-08-27T11:13:23.346Z,longpoll,500,100,2,200,1000,30,1500001,14.855,24.582,30.505,72.339,171.544,238.689,1,0,1396228,765487,77.706,94.9,144.6,114.23,20.58,0,0,12.75,false,0,0,longpoll-c500-r100-1787829163860
2026-08-27T11:14:05.303Z,sse,500,100,2,200,1000,30,1500000,2.458,4.068,4.371,35.227,89.769,120.756,1,0,668963,650951,0,27.7,68.5,44.4,13.05,0,0,11.61,false,0,0,sse-c500-r100-1787829205754
2026-08-27T11:14:47.165Z,ws,500,100,2,200,1000,30,1500028,3.051,4.698,17.154,72.339,103.663,127.517,1,0,612208,600011,0,30.1,56.7,69.21,13.12,0,0,11.92,false,0,0,ws-c500-r100-1787829247712
2026-08-27T11:15:29.006Z,poll,500,1,2,200,1000,30,15005,504.807,897.687,964.662,1036.633,1095.882,1095.882,1.0004,0,16148,8060,0.999,7.4,56.7,17.19,11.38,0,0,11.93,false,0,0,poll-c500-r1-1787829289569
2026-08-27T11:16:10.865Z,longpoll,500,1,3,200,1000,30,15000,12.864,24.582,30.505,40.679,50.481,55.945,1.0003,0,16160,8060,1,4.9,92,24.18,13.69,0,0,13.66,false,0,0,longpoll-c500-r1-1787829331415
2026-08-27T11:16:52.714Z,sse,500,1,3,200,1000,30,15000,5.829,11.971,15.963,21.288,22.876,23.02,1,0,6680,6488,0,1.6,59,23.13,11.34,0,0,11.79,false,0,0,sse-c500-r1-1787829373270
2026-08-27T11:17:34.568Z,ws,500,1,3,200,1000,30,15000,6.264,14.855,19.81,24.582,28.257,28.257,1,0,6124,6000,0,1.4,55.4,14.77,11.52,0,0,12.02,false,0,0,ws-c500-r1-1787829415122
2026-08-27T11:18:16.908Z,poll,500,20,3,200,1000,30,300082,504.807,897.687,964.662,1036.633,1113.974,1185.351,1.0003,0,130848,122694,1,7.5,54,13.43,11.3,0,0,11.78,false,0,0,poll-c500-r20-1787829456980
2026-08-27T11:18:58.750Z,poll-debounced,500,20,3,200,1000,30,300064,26.416,46.976,50.481,54.247,89.769,138.069,1.0002,0,333491,171481,20,33.5,71,15.47,10.85,0,0,11.09,false,0,0,poll-debounced-c500-r20-1787829499312
2026-08-27T11:19:40.585Z,longpoll,500,20,3,200,1000,30,300000,3.278,5.829,6.732,10.366,67.317,103.688,1,0,323499,161769,19.967,32.8,134.5,21.94,17.47,1295,0,11.79,false,0,0,longpoll-c500-r20-1787829541156
2026-08-27T11:20:22.406Z,sse,500,20,3,200,1000,30,300000,4.068,7.234,8.354,19.81,83.536,87.51,1,0,133252,129640,0,11.4,71.6,19.76,17.69,0,0,11.93,false,0,0,sse-c500-r20-1787829582992
2026-08-27T11:21:04.264Z,ws,500,20,3,200,1000,30,300000,4.068,7.234,8.354,11.971,28.387,29.601,1,0,122404,120000,0,12.8,60.7,18.48,17.86,0,0,11.82,false,0,0,ws-c500-r20-1787829624815
2026-08-27T11:21:46.105Z,poll,500,100,3,200,1000,30,1498911,504.807,897.687,964.662,1036.633,1113.974,1133.575,0.9993,0,612848,604651,0.999,14,62.3,16.17,11.21,0,0,11.88,false,0,0,poll-c500-r100-1787829666669
2026-08-27T11:22:27.958Z,poll-debounced,500,100,3,200,1000,30,1500341,26.416,46.976,50.481,83.536,184.342,306.915,1.0002,0,814626,653947,19.764,38.3,71.1,41.29,10.83,0,0,11.92,false,0,0,poll-debounced-c500-r100-1787829708512
2026-08-27T11:23:09.844Z,longpoll,500,100,3,200,1000,30,1499616,11.971,19.81,28.387,103.663,171.544,218.393,0.9997,0,1470336,780536,84.987,94.7,136.6,86.44,13.96,0,0,11.62,false,0,0,longpoll-c500-r100-1787829750365
2026-08-27T11:23:51.776Z,sse,500,100,3,200,1000,30,1500000,1.981,3.523,4.068,26.416,89.769,124.841,1,0,668949,650937,0,28.3,53.4,40.01,13.26,7843,0,11.77,false,0,0,sse-c500-r100-1787829792251
2026-08-27T11:24:33.804Z,ws,500,100,3,200,1000,30,1499617,1.981,3.786,6.732,77.737,184.342,193.931,0.9997,0,612208,599847,0,29.9,60.9,97.12,13.58,41265,0,11.76,false,0,0,ws-c500-r100-1787829834188
2026-08-27T11:25:15.632Z,poll,500,1,3,200,1000,30,15003,504.807,897.687,964.662,1036.633,1100.182,1100.182,1.0002,0,16157,8060,0.999,7.8,56.1,11.98,11.3,0,0,11.76,false,0,0,poll-c500-r1-1787829876212
2026-08-27T11:25:57.536Z,poll-debounced,500,1,3,200,1000,30,15000,327.812,723.394,777.365,835.363,878.829,878.829,0.9998,0,59576,18885,5.037,17.3,57,18.96,10.99,0,0,11.63,false,0,0,poll-debounced-c500-r1-1787829918039
2026-08-27T11:26:50.343Z,poll,5000,20,1,200,1000,30,2996932,504.807,897.687,964.662,1036.633,1113.974,1407.682,0.999,0,130640,122531,0.996,25.9,90,62.26,10.89,0,0,11.31,false,0,0,poll-c5000-r20-1787829959997
2026-08-27T11:27:43.413Z,poll-debounced,5000,20,1,200,1000,30,3099931,1036.633,8353.625,9646.616,17154.379,26416.483,43954.812,1.0333,0,192557,140840,6.38,81.5,108.3,254.02,83.36,0,0,14.3,false,7835,0,poll-debounced-c5000-r20-1787830012760
2026-08-27T11:28:36.437Z,longpoll,5000,20,1,200,1000,30,1305868,83.536,198.096,327.812,673.17,897.687,987.504,0.4352,0,104299,62934,5.061,69,131.2,1811.94,51.28,0,0,15.43,false,6920,0,longpoll-c5000-r20-1787830065821
2026-08-27T11:29:29.303Z,sse,5000,20,1,200,1000,30,3000000,21.288,40.679,58.294,138.237,198.096,225.955,1,0,133252,129640,0,68.3,130.1,99.94,54.62,0,0,11.94,false,0,0,sse-c5000-r20-1787830118843
2026-08-27T11:30:22.225Z,ws,5000,20,1,200,1000,30,2999149,24.582,673.17,777.365,897.687,897.687,931.91,0.9996,0,122608,119966,0,64.8,89.7,888.67,66.91,490,0,13.57,false,0,0,ws-c5000-r20-1787830171709
2026-08-27T11:31:15.236Z,poll,10000,20,1,200,1000,30,5995499,626.434,2128.752,5424.691,8976.871,10366.329,11191.407,0.9991,0,129051,122235,0.837,44.7,99.3,433.85,34.34,154,0,32.42,false,2709,0,poll-c10000-r20-1787830224639
2026-08-27T11:32:08.867Z,poll-debounced,10000,20,1,200,1000,30,6207205,7233.942,19809.568,24582.441,35226.947,40679.443,47418.488,1.0347,0,141485,128747,1.562,59.8,119.9,298.06,62.1,0,0,15.23,false,13674,0,poll-debounced-c10000-r20-1787830277641
2026-08-27T11:33:01.899Z,longpoll,10000,20,1,200,1000,30,1266440,72.339,128.64,148.551,198.096,264.165,298.409,0.2111,0,55414,31503,2.933,74.2,176.5,1697.64,745.01,2,0,12.12,false,9977,0,longpoll-c10000-r20-1787830331275
2026-08-27T11:34:07.582Z,sse,10000,20,1,200,1000,30,5080977,77.737,148.551,198.096,305.053,378.552,448.664,0.8469,0,113388,110000,0,97.4,365,249.56,110.36,0,0,12.01,false,1488,1488,sse-c10000-r20-1787830384307
2026-08-27T11:36:03.201Z,poll-debounced,5000,20,2,200,1000,30,2738455,542.469,8353.625,11970.85,19809.568,28387.36,41087.923,0.9128,0,172446,124946,5.845,80.6,118.7,427.29,59.87,1,0,14.87,false,7556,0,poll-debounced-c5000-r20-1787830512724
2026-08-27T11:36:56.234Z,longpoll,5000,20,2,200,1000,30,1371591,83.536,198.096,283.874,542.469,723.394,810.54,0.4572,0,108715,65934,5.235,73.3,155.7,1779.43,0,0,0,15.79,false,5900,0,longpoll-c5000-r20-1787830565608
2026-08-27T11:37:49.638Z,sse,5000,20,2,200,1000,30,3026052,21.288,46.976,83.536,198.096,352.269,414.435,1.0087,0,134595,130776,0,69,135.2,156.37,58.03,0,0,12.17,false,0,0,sse-c5000-r20-1787830618641
2026-08-27T11:38:45.332Z,ws,5000,20,2,200,1000,30,2841712,119.709,1843.423,1980.957,2128.752,2128.752,2137.551,0.9472,0,127504,113668,0,76.4,79.3,1702.89,62.13,1,0,14.86,false,0,0,ws-c5000-r20-1787830672043
2026-08-27T12:48:13.838Z,poll,5000,20,1,200,1000,30,3000471,504.807,897.687,964.662,1036.633,1100.94,1100.94,1.0001,0,130821,122681,1,41,65.3,11.12,10.95,7,0,11.48,false,0,0,poll-c5000-r20-1787834843356
2026-08-27T12:49:34.754Z,poll-debounced,5000,20,1,200,1000,30,3130923,103.663,6731.704,7773.65,9646.616,17154.379,26755.314,1.0436,0,210278,146008,7.924,90.5,122,691.01,159.12,0,0,11.08,false,6921,0,poll-debounced-c5000-r20-1787834924253
2026-08-27T12:50:55.741Z,longpoll,5000,20,1,200,1000,30,1551801,72.339,111.397,119.709,138.237,159.634,183.086,0.5172,0,138696,77774,7.464,85.7,185,1553.99,653.26,0,0,11.23,false,4768,0,longpoll-c5000-r20-1787835005171
2026-08-27T12:52:16.625Z,sse,5000,20,1,200,1000,30,3000000,18.434,30.505,32.781,40.679,62.643,77.124,1.0003,0,133252,129640,0,66.4,127.1,66.45,43.71,0,0,11.81,false,0,0,sse-c5000-r20-1787835086150
2026-08-27T12:53:37.486Z,ws,5000,20,1,200,1000,30,2999960,14.855,24.582,26.416,28.387,37.855,43.729,1,0,122608,119998,0,54,103.6,39.45,38.83,3586,0,11.8,false,0,0,ws-c5000-r20-1787835167031
2026-08-27T12:55:03.356Z,poll,10000,20,1,200,1000,30,5999370,504.807,897.687,964.662,1036.633,1113.974,1244.072,0.9999,0,130792,122654,1,42.3,90.5,42.11,10.78,0,0,11.09,false,0,0,poll-c10000-r20-1787835247893
2026-08-27T12:56:29.322Z,poll-debounced,10000,20,1,200,1000,30,5942319,3522.695,8976.871,11970.85,18434.23,28387.36,35730.258,0.9903,0,144690,125465,2.364,66.5,89.6,929.04,417.07,1,0,11.49,false,26284,0,poll-debounced-c10000-r20-1787835333765
2026-08-27T12:57:55.377Z,longpoll,10000,20,1,200,1000,30,1435289,96.466,159.634,171.544,198.096,228.757,234.926,0.2392,0,54357,33993,2.488,60.7,140,1703.94,0,0,0,11.27,false,12294,0,longpoll-c10000-r20-1787835419730
2026-08-27T12:59:55.309Z,sse,10000,20,1,200,1000,30,4970144,103.663,245.824,283.874,378.552,469.759,518.236,0.8283,0,111423,107885,0,92.3,375.3,305.4,176.42,0,0,11.88,false,5532,5532,sse-c10000-r20-1787835505788
2026-08-27T13:05:06.941Z,poll-debounced,5000,20,2,200,1000,30,2923417,111.397,7233.942,8353.625,13823.722,19809.568,35524.946,0.9745,0,195664,136172,7.336,87.1,121.3,1106.25,137.49,0,0,11.17,false,6479,0,poll-debounced-c5000-r20-1787835856446
2026-08-27T13:06:28.394Z,longpoll,5000,20,2,200,1000,30,1442093,89.769,184.342,264.165,437.144,542.469,649.684,0.4806,0,114698,69230,5.458,70.8,156.7,1784.68,0,0,0,13.97,false,8149,0,longpoll-c5000-r20-1787835937353
2026-08-27T13:07:49.248Z,sse,5000,20,2,200,1000,30,3000000,19.81,32.781,32.781,103.663,212.875,228.182,1,0,133252,129640,0,67.3,138,114.75,45.29,0,0,12,false,0,0,sse-c5000-r20-1787836018802
2026-08-27T13:09:10.088Z,ws,5000,20,2,200,1000,30,3000000,14.855,24.582,26.416,28.387,43.714,62.822,1,0,122404,120000,0,53.1,96.2,42.34,39.52,0,0,12.71,false,0,0,ws-c5000-r20-1787836099651
2026-08-27T13:10:35.969Z,poll,10000,20,2,200,1000,30,5998982,504.807,897.687,964.662,1036.633,1100.677,1100.677,0.9998,0,130783,122646,1,50.4,88.9,10.99,10.87,0,0,11.21,false,0,0,poll-c10000-r20-1787836180535
2026-08-27T13:12:01.836Z,poll-debounced,10000,20,2,200,1000,30,5717987,3522.695,8976.871,13823.722,18434.23,26416.483,44220.716,0.953,0,145775,122305,2.895,74.4,119.4,812.65,37.88,0,0,11.62,false,24091,0,poll-debounced-c10000-r20-1787836266376
2026-08-27T13:13:27.875Z,longpoll,10000,20,2,200,1000,30,1536205,96.466,148.551,159.634,184.342,264.165,299.118,0.256,0,59052,36560,2.749,65.3,126.1,1750.07,0,0,0,11.31,false,21524,0,longpoll-c10000-r20-1787836352247
2026-08-27T13:15:22.307Z,sse,10000,20,2,200,1000,30,5203297,77.737,184.342,264.165,406.794,542.469,602.468,0.8672,0,116449,112946,0,97.9,353.4,349.96,97.71,0,0,13.01,false,1374,1374,sse-c10000-r20-1787836438286
2026-08-27T13:17:44.809Z,ws,10000,20,2,200,1000,30,5694562,128.64,469.759,542.469,582.942,582.942,607.178,0.9491,0,116406,113891,0,88,138.8,557.84,262.01,2250,0,11.53,false,1127,1127,ws-c10000-r20-1787836552717
2026-08-27T13:19:05.811Z,poll,5000,20,2,200,1000,30,3002230,504.807,897.687,964.662,1036.633,1113.974,1119.096,1.0007,0,130913,122753,1.001,41.8,66.2,11.08,10.97,0,0,11.49,false,0,0,poll-c5000-r20-1787836695215
2026-08-27T13:20:26.815Z,longpoll,5000,20,3,200,1000,30,1591178,77.737,119.709,128.64,148.551,159.634,188.151,0.5304,0,135628,78423,7.011,81.5,168.8,1513.1,0,0,0,11.12,false,7473,0,longpoll-c5000-r20-1787836776221
2026-08-27T13:21:47.650Z,sse,5000,20,3,200,1000,30,3000000,18.434,30.505,32.781,89.769,138.237,153.808,1,0,133252,129640,0,65.4,148.4,76.94,43.25,0,0,12.74,false,0,0,sse-c5000-r20-1787836857224
2026-08-27T13:23:08.537Z,ws,5000,20,3,200,1000,30,3000137,14.855,26.416,26.416,32.781,58.294,67.998,1,0,122608,120005,0,54.7,74.4,51.74,40.01,2884,0,12.71,false,0,0,ws-c5000-r20-1787836938059
2026-08-27T13:24:34.381Z,poll,10000,20,3,200,1000,30,6000791,504.807,897.687,964.662,1036.633,1101.582,1101.582,1,0,130817,122683,1,50.6,90,11.02,10.9,0,0,11.24,false,0,0,poll-c10000-r20-1787837018949
2026-08-27T13:26:00.256Z,poll-debounced,10000,20,3,200,1000,30,5840685,3522.695,8353.625,11970.85,17154.379,26416.483,43995.467,0.9734,0,145339,124071,2.619,70.4,127.7,1142.95,46.83,0,0,11.64,false,24352,0,poll-debounced-c10000-r20-1787837104792
2026-08-27T13:27:26.274Z,longpoll,10000,20,3,200,1000,30,1455167,83.536,128.64,138.237,159.634,184.342,188.052,0.2425,0,59722,35396,2.973,69,163.2,1652.56,0,0,0,11.28,false,10813,0,longpoll-c10000-r20-1787837190667
2026-08-27T13:29:27.651Z,sse,10000,20,3,200,1000,30,5407766,77.737,128.64,148.551,212.875,264.165,293.688,0.9013,0,121256,117385,0,123.6,215.1,159.12,93.13,0,0,12.42,false,900,900,sse-c10000-r20-1787837276685
2026-08-27T13:30:57.644Z,ws,10000,20,3,200,1000,30,5124496,1715.438,4371.445,4371.445,4371.445,4566.193,4566.193,0.8541,0,118732,102490,0,103.8,114.7,2034.24,0,0,0,12.03,false,0,0,ws-c10000-r20-1787837398059
2026-08-29T12:42:38.753Z,ws,10000,20,1,200,1000,30,5583446,35.227,582.942,723.394,777.365,777.365,797.232,0.9306,0,114202,111669,0,81.1,132.6,597.69,71.5,0,0,11.67,false,808,808,ws-c10000-r20-1788007278007
