finishedAt,profile,transport,clients,rate,rep,latSamples,p50ms,p95ms,p99ms,maxMs,deliveryRatio,missed,reconnects,connectFailures,errors,wireBytesPerClient,backpressure,generatorLimited,runId
2026-08-27T12:13:38.507Z,clean,poll,400,20,1,159636,504.807,964.662,1036.633,1101.085,0.9976,0,0,0,0,87030,0,false,netem-clean-poll-c400-r20-1787832784876
2026-08-27T12:14:18.297Z,clean,poll-debounced,400,20,1,160045,26.416,54.247,138.237,288.192,1.0002,0,0,0,0,218724,0,false,netem-clean-poll-debounced-c400-r20-1787832824977
2026-08-27T12:14:57.908Z,clean,longpoll,400,20,1,160000,9.647,26.416,89.769,255.969,0.9996,0,0,0,0,214477,0,false,netem-clean-longpoll-c400-r20-1787832864563
2026-08-27T12:15:37.662Z,clean,sse,400,20,1,160000,8.977,15.963,21.288,30.927,0.9997,0,0,0,0,88852,0,false,netem-clean-sse-c400-r20-1787832904294
2026-08-27T12:16:17.182Z,clean,ws,400,20,1,160000,8.354,15.963,19.81,52.683,0.9999,0,0,0,0,81602,0,false,netem-clean-ws-c400-r20-1787832943818
2026-08-27T12:16:56.676Z,clean,poll-debounced,400,20,2,160018,26.416,50.481,54.247,115.673,1.0001,0,0,0,0,221667,0,false,netem-clean-poll-debounced-c400-r20-1787832983343
2026-08-27T12:17:36.159Z,clean,longpoll,400,20,2,160399,7.234,17.154,24.582,101.168,1.0024,0,0,0,0,216425,0,false,netem-clean-longpoll-c400-r20-1787833022785
2026-08-27T12:18:15.706Z,clean,sse,400,20,2,160000,9.647,17.154,22.876,109.132,0.9999,0,0,0,0,88852,0,false,netem-clean-sse-c400-r20-1787833062348
2026-08-27T12:18:55.194Z,clean,ws,400,20,2,160000,8.354,14.855,21.288,35.023,0.9996,0,0,0,0,81602,0,false,netem-clean-ws-c400-r20-1787833101822
2026-08-27T12:19:34.904Z,clean,poll,400,20,2,159877,504.807,964.662,1036.633,1145.337,0.999,0,0,0,0,87181,0,false,netem-clean-poll-c400-r20-1787833141582
2026-08-27T12:20:14.491Z,wifi,poll,400,20,1,160219,542.469,1036.633,1113.974,1153.42,1.0006,0,0,0,0,87265,0,false,netem-wifi-poll-c400-r20-1787833181098
2026-08-27T12:20:54.074Z,wifi,poll-debounced,400,20,1,160087,54.247,89.769,103.663,272.736,1.0002,0,0,0,0,180885,0,false,netem-wifi-poll-debounced-c400-r20-1787833220687
2026-08-27T12:21:33.666Z,wifi,longpoll,400,20,1,160000,50.481,159.634,212.875,332.258,0.9998,0,0,0,0,196982,0,false,netem-wifi-longpoll-c400-r20-1787833260264
2026-08-27T12:22:13.204Z,wifi,sse,400,20,1,160000,24.582,32.781,40.679,131.567,0.9999,0,0,0,0,89074,0,false,netem-wifi-sse-c400-r20-1787833299779
2026-08-27T12:22:52.779Z,wifi,ws,400,20,1,160000,24.582,32.781,40.679,137.379,0.9999,0,0,0,0,81806,0,false,netem-wifi-ws-c400-r20-1787833339334
2026-08-27T12:23:32.259Z,wifi,poll-debounced,400,20,2,159993,54.247,89.769,96.466,116.28,0.9999,0,0,0,0,181521,0,false,netem-wifi-poll-debounced-c400-r20-1787833378893
2026-08-27T12:24:11.692Z,wifi,longpoll,400,20,2,160041,24.582,32.781,35.227,44.072,1.0003,0,0,0,0,215892,0,false,netem-wifi-longpoll-c400-r20-1787833418349
2026-08-27T12:24:51.068Z,wifi,sse,400,20,2,160003,24.582,32.781,37.855,47.228,1,0,0,0,0,88852,0,false,netem-wifi-sse-c400-r20-1787833457669
2026-08-27T12:25:30.357Z,wifi,ws,400,20,2,160000,24.582,32.781,37.855,46.774,0.9999,0,0,0,0,81602,0,false,netem-wifi-ws-c400-r20-1787833496932
2026-08-27T12:26:09.704Z,wifi,poll,400,20,2,159988,542.469,1036.633,1113.974,1157.17,0.9998,0,0,0,0,87162,0,false,netem-wifi-poll-c400-r20-1787833536334
2026-08-27T12:26:49.196Z,mobile,poll,400,20,1,159538,626.434,1113.974,1197.085,1297.798,0.997,0,0,0,0,86809,0,false,netem-mobile-poll-c400-r20-1787833575776
2026-08-27T12:27:28.642Z,mobile,poll-debounced,400,20,1,160036,119.709,184.342,212.875,266.677,1.0002,0,0,0,0,144882,0,false,netem-mobile-poll-debounced-c400-r20-1787833615262
2026-08-27T12:28:08.116Z,mobile,longpoll,400,20,1,159983,89.769,138.237,159.634,239.317,0.9999,0,0,0,0,190134,0,false,netem-mobile-longpoll-c400-r20-1787833654694
2026-08-27T12:28:47.876Z,mobile,sse,400,20,1,159969,67.317,96.466,111.397,157.363,0.9997,0,0,0,0,89074,0,false,netem-mobile-sse-c400-r20-1787833694258
2026-08-27T12:29:27.699Z,mobile,ws,400,20,1,160002,62.643,96.466,111.397,193.664,0.9999,0,0,0,0,82010,0,false,netem-mobile-ws-c400-r20-1787833734056
2026-08-27T12:30:07.290Z,mobile,poll-debounced,400,20,2,160015,119.709,184.342,212.875,267.202,1,0,0,0,0,144779,0,false,netem-mobile-poll-debounced-c400-r20-1787833773864
2026-08-27T12:30:46.841Z,mobile,longpoll,400,20,2,160039,89.769,138.237,159.634,226.891,1.0001,0,0,0,0,190244,0,false,netem-mobile-longpoll-c400-r20-1787833813436
2026-08-27T12:31:26.576Z,mobile,sse,400,20,2,160065,67.317,96.466,111.397,153.163,1.0004,0,0,0,0,89296,0,false,netem-mobile-sse-c400-r20-1787833852963
2026-08-27T12:32:06.302Z,mobile,ws,400,20,2,160010,62.643,96.466,111.397,250.517,1.0001,0,0,0,0,81602,0,false,netem-mobile-ws-c400-r20-1787833892733
2026-08-27T12:32:45.865Z,mobile,poll,400,20,2,159817,626.434,1113.974,1197.085,1538.415,0.9987,0,0,0,0,86961,0,false,netem-mobile-poll-c400-r20-1787833932390
2026-08-27T12:33:25.379Z,lossy,poll,400,20,1,159897,542.469,1036.633,1113.974,1190.798,0.9993,0,0,0,0,87117,0,false,netem-lossy-poll-c400-r20-1787833971994
2026-08-27T12:34:04.864Z,lossy,poll-debounced,400,20,1,160000,72.339,111.397,128.64,179.664,1,0,0,0,0,168946,0,false,netem-lossy-poll-debounced-c400-r20-1787834011480
2026-08-27T12:34:44.330Z,lossy,longpoll,400,20,1,160002,32.781,50.481,58.294,81.274,1,0,0,0,0,216425,0,false,netem-lossy-longpoll-c400-r20-1787834050943
2026-08-27T12:35:23.857Z,lossy,sse,400,20,1,160017,35.227,50.481,58.294,74.13,1,0,0,0,0,89074,0,false,netem-lossy-sse-c400-r20-1787834090391
2026-08-27T12:36:03.488Z,lossy,ws,400,20,1,160007,35.227,50.481,58.294,74.295,0.9997,0,0,0,0,81806,0,false,netem-lossy-ws-c400-r20-1787834129992
2026-08-27T12:36:42.959Z,lossy,poll-debounced,400,20,2,160008,72.339,119.709,128.64,364.529,1,0,0,0,0,169012,0,false,netem-lossy-poll-debounced-c400-r20-1787834169573
2026-08-27T12:37:22.462Z,lossy,longpoll,400,20,2,160004,32.781,50.481,58.294,75.381,1,0,0,0,0,216433,0,false,netem-lossy-longpoll-c400-r20-1787834209059
2026-08-27T12:38:02.050Z,lossy,sse,400,20,2,160175,35.227,50.481,58.294,86.206,1.001,0,0,0,0,89074,0,false,netem-lossy-sse-c400-r20-1787834248577
2026-08-27T12:38:41.643Z,lossy,ws,400,20,2,160055,35.227,50.481,58.294,73.682,1.0003,0,0,0,0,81806,0,false,netem-lossy-ws-c400-r20-1787834288172
2026-08-27T12:39:21.109Z,lossy,poll,400,20,2,160147,542.469,1036.633,1113.974,1202.011,1.0006,0,0,0,0,87222,0,false,netem-lossy-poll-c400-r20-1787834327716
2026-08-27T12:40:01.275Z,satellite,poll,400,20,1,160073,964.662,1596.339,1715.438,3580.013,1.0003,0,0,0,0,86847,0,false,netem-satellite-poll-c400-r20-1787834367334
2026-08-27T12:40:41.725Z,satellite,poll-debounced,400,20,1,160119,469.759,626.434,673.17,1531.674,1.0005,0,0,0,0,102296,0,false,netem-satellite-poll-debounced-c400-r20-1787834407749
2026-08-27T12:41:22.159Z,satellite,longpoll,400,20,1,160063,469.759,777.365,1113.974,2952.218,1.0001,0,0,0,0,103973,0,false,netem-satellite-longpoll-c400-r20-1787834448164
2026-08-27T12:42:05.078Z,satellite,sse,400,20,1,159982,378.552,582.942,964.662,2268.047,0.9998,0,0,0,0,90402,0,false,netem-satellite-sse-c400-r20-1787834488860
2026-08-27T12:42:47.628Z,satellite,ws,400,20,1,159897,378.552,582.942,964.662,2224.567,0.9993,0,0,0,0,82826,0,false,netem-satellite-ws-c400-r20-1787834531588
2026-08-27T12:43:27.950Z,satellite,poll-debounced,400,20,2,160025,469.759,626.434,673.17,1956.135,1.0001,0,0,0,0,102155,0,false,netem-satellite-poll-debounced-c400-r20-1787834574028
2026-08-27T12:44:08.682Z,satellite,longpoll,400,20,2,160051,437.144,582.942,626.434,1731.575,1.0002,0,0,0,0,104640,0,false,netem-satellite-longpoll-c400-r20-1787834614760
2026-08-27T12:44:51.516Z,satellite,sse,400,20,2,159953,378.552,582.942,897.687,2235.724,0.9994,0,0,0,0,90398,0,false,netem-satellite-sse-c400-r20-1787834655094
2026-08-27T12:45:31.741Z,satellite,ws,400,20,2,160008,378.552,582.942,897.687,1722.984,0.9999,0,0,0,0,83030,0,false,netem-satellite-ws-c400-r20-1787834696124
2026-08-27T12:46:12.065Z,satellite,poll,400,20,2,159604,964.662,1596.339,1715.438,3124.001,0.9975,0,0,0,0,86563,0,false,netem-satellite-poll-c400-r20-1787834738140
